Model,Train Accuracy,Val Accuracy,Val Precision,Val Recall,Val F1-Score
Logistic Regression,0.8077518117417148,0.807977207977208,0.8113304843569056,0.807977207977208,0.8092580246705886
Random Forest,0.9930787395163261,0.8148148148148148,0.8144971396230177,0.8148148148148148,0.8146372919322485
SVM,0.8359254132399642,0.8062678062678063,0.8064521663133327,0.8062678062678063,0.8063584501941727
